
use bd_tecnico;

	insert into aluno (rm, nome_do_aluno, endereco, rg, nome_da_turma, sexo) values
		
		(002, 'Paulo Fonseca', 'Avenida Paulo Fonseca, 2', '00000002B', '2 Informática', 'M'),
		(003, 'Gustavo Marques', 'Rua Gustavo Marques, 3', '00000003C', '3 Informática', 'M'),
		(004, 'Caio Alves', 'Avenida Caio Alves, 4', '00000004D', '1 Logística', 'M'),
		(005, 'Santiago Fernando', 'Rua Santiago Fernando, 5', '00000005E', '2 Logística', 'M'),
		(006, 'Heloísa Oliveira', 'Avenida Heloísa Oliveira, 6', '00000006F', '3 Logística', 'F'),
		(007, 'Lucas Camargo', 'Rua Lucas Camargo, 7', '00000007G', '1 Administração', 'M'),
		(008, 'Rafael de Almeida', 'Avenida Rafael de Almeida, 8', '00000008H', '2 Administração', 'M'),
		(009, 'Enzo Soares', 'Rua Enzo Soares, 9', '00000009I', '3 Administração', 'M'),
		(010, 'Anderson Nunes', 'Avenida Anderson Nunes, 10', '00000010J', '1 Contabilidade', 'M'),
		(011, 'Alícia Fernanda', 'Rua Alícia Fernanda, 11', '00000011K', '2 Contabilidade', 'F'),
		(012, 'Samuel Cardoso', 'Avenida Samuel Cardoso, 12', '00000012L', '3 Contabilidade', 'M'),
		(013, 'Danilo Vargas', 'Rua Danilo Vargas, 13', '00000013M', '1 Informática', 'M'),
		(014, 'Abel Joaquim', 'Avenida Abel Joaquim, 14', '00000014N', '2 Informática', 'M'),
		(015, 'Maria Isabela', 'Rua Maria Isabela, 15', '00000015O', '3 Informática', 'F'),
		(016, 'Brenda dos Santos', 'Avenida Brenda dos Santos, 16', '00000016P', '1 Logística', 'M'),
		(017, 'Lucas Fonseca', 'Rua Lucas Fonseca, 17', '00000017Q', '2 Logística', 'M'),
		(018, 'Rafael Cardoso', 'Rua Rafael Cardoso, 18', '00000018R', '3 Logística', 'M'),
		(019, 'Lucas Campanelli', 'Avenida Lucas Campanelli, 19', '00000019S', '1 Administração', 'M'),
		(020, 'Samuel Alves', 'Avenida Samuel Alves, 20', '00000020T', '2 Administração', 'M'),
		(021, 'Carolina Camargo', 'Rua Carolina Camargo, 21', '00000021U', '3 Administração', 'F'),
		(022, 'Enzo de Oliveira', 'Avenida Enzo de Oliveira, 22', '00000022V', '1 Contabilidade', 'M'),
		(023, 'Abel Jesus', 'Rua Abel Jesus, 23', '00000023W', '2 Contabilidade', 'M'),
		(024, 'Aguinaldo Novo', 'Avenida Aguinaldo Novo, 24', '00000024X', '3 Contabilidade', 'M'),
		(025, 'Leonardo Nogueira', 'Rua Leonardo Nogueira, 25', '00000025Y', '1 Informática', 'M'),
		(026, 'Brenda Dias', 'Avenida Brenda Dias, 26', '00000026Z', '2 Informática', 'M'),
		(027, 'João Pedro', 'Rua João Pedro, 27', '000000270', '3 Informática', 'M'),
		(028, 'Wilian Fernandes', 'Avenida Wilian Fernandes, 28', '000000281', '1 Logística', 'M'),
		(029, 'Larissa Albuquerque', 'Rua Larissa Albuquerque, 29', '000000292', '2 Logística', 'F'),
		(030, 'Melinda Araújo', 'Avenida Melinda Araújo, 30', '000000303', '3 Logística', 'F'),
		(031, 'Sabrina Carvalho', 'Avenida Sabrina Carvalho, 31', '000000314', '1 Administração', 'F'),
		(032, 'Isabela Nogueira', 'Rua Isabela Nogueira, 32', '000000325', '2 Administração', 'F'),
		(033, 'Joséfa Florinda', 'Avenida Joséfa Florinda, 33', '000000336', '3 Administração', 'F'),
		(034, 'Maria de Jesus', 'Rua Maria de Jesus, 34', '000000347', '1 Contabilidade', 'F'),
		(035, 'Josias Dias', 'Avenida Josias Dias, 35', '000000358', '2 Contabilidade', 'M'),
		(036, 'Juan Pedroso', 'Rua Juan Pedroso, 36', '000000369', '3 Contabilidade', 'M'),
		(037, 'Rafael Wilian', 'Avenida Rafael Wilian, 37', '00000037A', '1 Informática', 'M'),
		(038, 'Gustavo Tavares', 'Rua Gustavo Tavares, 38', '00000038B', '2 Informática', 'M'),
		(039, 'Giorgio Battaglia', 'Avenida Giorgio Battaglia, 39', '00000039C', '3 Informática', 'M'),
		(040, 'Pedro Azevedo', 'Rua Pedro Azevedo, 40', '00000040D', '1 Logística', 'M'),
		(041, 'Sam Pucket', 'Avenida Sam Pucket, 41', '00000041E', '2 Logística', 'F'),
		(042, 'Sam Winchester', 'Rua Sam Winchester, 42', '00000042F', '3 Logística', 'M'),
		(043, 'José Ramalho', 'Avenida José Ramalho, 43', '00000043G', '1 Administração', 'M'),
		(044, 'Raimundo de Deus', 'Rua Raimundo de Deus, 44', '00000044H', '2 Administração', 'M'),
		(045, 'Mário Barbosa', 'Avenida Mário Barbosa, 45', '00000045I', '3 Administração', 'M'),
		(046, 'Jefferson dos Santos', 'Rua Jefferson dos Santos, 46', '00000046J', '1 Contabilidade', 'M'),
		(047, 'Carlos Alberto', 'Avenida Carlos Alberto, 47', '00000047K', '2 Contabilidade', 'M'),
		(048, 'Raffa Moreira', 'Rua Raffa Moreira, 48', '00000048L','3 Contabilidade', 'M'),
		(049, 'Jonny Cage', 'Avenida Jonny Cage, 49', '00000049M', '1 Informática', 'M'),
		(050, 'Sônia Camargo', 'Rua Sônia Camargo, 50', '00000050N', '2 Informática', 'F'),
		(051, 'Isadora Fonseca', 'Avenida Isadora Fonseca, 51', '00000051O', '3 Informática', 'F'),
		(052, 'Lucas Wilian', 'Rua Lucas Wilian, 52', '00000052P', '1 Logística', 'M'),
		(053, 'Renato Melo', 'Avenida Renato Melo, 53', '00000053Q', '2 Logística', 'M'),
		(054, 'Gabriel Tavares', 'Rua Gabriel Tavares, 54', '00000054R', '3 Logística', 'M'),
		(055, 'Alex Medeiros', 'Avenida Alex Medeiros, 55', '00000055S', '1 Administração', 'M'),
		(056, 'Wilian Ferreira', 'Rua Wilian Ferreira, 56', '00000056T', '2 Administração', 'M'),
		(057, 'Lucas de Oliveira', 'Avenida Lucas de Oliveira, 57', '00000057U', '3 Administração', 'M'),
		(058, 'Leonardo dos Santos', 'Rua Leonardo dos Santos, 58', '00000058V', '1 Contabilidade', 'M'),
		(059, 'Felipe Souza', 'Avenida Felipe Souza, 59', '00000059W', '2 Contabilidade', 'M'),
		(060, 'Valéria Santos', 'Rua Valéria Santos, 60', '00000060X', '3 Contabilidade', 'F'),
		(061, 'Vilma Albuquerque', 'Avenida Vilma Albuquerque, 61', '00000061Y', '1 Informática', 'F'),
		(062, 'Leila Pereira', 'Rua Leila Pereira, 62', '00000062Z', '2 Informática', 'F'),
		(063, 'Estevan Castro', 'Avenida Estevan Castro, 63', '000000630', '3 Informática', 'M'),
		(064, 'Fernanda Dias', 'Rua Fernanda Dias, 64', '000000641', '1 Logística', 'F'),
		(065, 'Antônio Ferreira', 'Avenida Antônio Ferreira, 65', '000000642', '2 Logística', 'M'),
		(066, 'Antônio Cardoso', 'Rua Antônio Cardoso, 66', '000000663', '3 Logística', 'M'),
		(067, 'Gabriel Gusmão', 'Avenida Gabriel Gusmão, 67', '000000674', '1 Administração', 'M'),
		(068, 'Henrique Araújo', 'Rua Henrique Araújo, 68', '000000685', '2 Administração', 'M'),
		(069, 'Leonardo Dutra', 'Avenida Leonardo Dutra, 69', '000000696', '3 Administração', 'M'),
		(070, 'Miguel Barbosa', 'Rua Miguel Barbosa, 70', '000000707', '1 Contabilidade', 'M'),
		(071, 'Miguel Ferreira', 'Avenida Miguel Ferreira, 71', '000000718', '2 Contabilidade', 'M'),
		(072, 'Eduardo Dias', 'Rua Eduardo Dias, 72', '000000729', '3 Contabilidade', 'M'),
		(073, 'Eduarda Rocha', 'Avenida Eduarda Rocha, 73', '00000073A', '1 Informática', 'F'),
		(074, 'Eduardo Rocha', 'Rua Eduardo Rocha, 74', '00000074B', '2 Informática', 'M'),
		(075, 'Eduarda Dias', 'Avenida Eduarda Dias, 75', '00000075C', '3 Informática', 'F'),
		(076, 'Paulo Barbosa', 'Rua Paulo Barbosa, 76', '00000076D', '1 Logística', 'M'),
		(077, 'Fernanda Carvalho', 'Avenida Fernanda Carvalho, 77', '00000077E', '2 Logística', 'F'),
		(078, 'Bruna Leite', 'Rua Bruna Leite, 78', '00000078F', '3 Logística', 'F'),
		(079, 'Paulo Carvalho', 'Avenida Paulo Carvalho, 79', '00000079G', '1 Administração', 'M'),
		(080, 'Leila Azevedo', 'Rua Leila Azevedo, 80', '00000080H', '2 Administração', 'F'),
		(081, 'Gustavo Lima', 'Avenida Gustavo Lima, 81', '00000081I', '3 Administração', 'M'),
		(082, 'Leila Ferreira', 'Rua Leila Ferreira, 82', '00000082J', '1 Contabilidade', 'F'),
		(083, 'Alex Silva', 'Avenida Alex Silva, 83', '00000083K', '2 Contabilidade', 'M'),
		(084, 'Silvana Rocha', 'Rua Silvana Rocha, 84', '00000084L', '3 Contabilidade', 'F'),
		(085, 'Leila Lima', 'Avenida Leila Lima, 85', '00000085M', '1 Informática', 'F'),
		(086, 'Pedro Gonçalves', 'Rua Pedro Gonçalves, 86', '00000086N', '2 Informática', 'M'),
		(087, 'Álvaro Filho', 'Avenida Álvaro Filho, 87', '00000087O', '3 Informática', 'M'),
		(088, 'Álvaro Pai', 'Rua Álvaro Pai, 88', '00000088P', '1 Logística', 'M'),
		(089, 'Aguinaldo Velho', 'Avenida Aguinaldo Velho, 89', '00000089Q', '2 Logística', 'M'),
		(090, 'Tânia Cunha', 'Rua Tânia Cunha, 90', '00000090R', '3 Logística', 'F'),
		(091, 'Leonardo Barbosa', 'Avenida Leonardo Barbosa, 91', '00000091S', '1 Administração', 'M'),
		(092, 'Lucas Cunha', 'Rua Lucas Cunha, 92', '00000092T', '2 Administração', 'M'),
		(093, 'César Lanfranchi', 'Avenida César Lanfranchi, 93', '00000093U', '3 Administração', 'M'),
		(094, 'Tânia Barbosa', 'Rua Tânia Barbosa, 94', '00000094V', '1 Contabilidade', 'F'),
		(095, 'Emily Castro', 'Avenida Emily Castro, 95', '00000095W', '2 Contabilidade', 'F'),
		(096, 'Marcílio Dias', 'Rua Marcílio Dias, 96', '00000096X', '3 Contabilidade', 'M'),
		(097, 'Rodrigo Ferreira', 'Avenida Rodrigo Ferreira, 97', '00000097Y', '1 Informática', 'M'),
		(098, 'Felipe Fernandes', 'Rua Felipe Fernandes, 98', '00000098Z', '2 Informática', 'M'),
		(099, 'Raffa Marques', 'Avenida Raffa Marques, 99', '000000990', '3 Informática', 'M'),
		(100, 'Matheus Albuquerque', 'Avenida Matheus Albuquerque, 100', '000001001', '1 Logística', 'M'),
		(101, 'Thomas Turbando', 'Avenida Thomas Turbando, 101', '000001012', '2 Logística', 'M'),
		(102, 'Thomas Turbando de Novo', 'Rua Thomas Turbando de Novo, 102', '000001023', '3 Logística', 'M'),
		(103, 'Laura Moura', 'Rua Laura Moura, 103', '000001034', '1 Administração', 'F'),
		(104, 'Valéria Vargas', 'Avenida Valéria Vargas, 104', '000001045', '2 Administração', 'F'),
		(105, 'Pedro Victor', 'Rua Pedro Victor, 105', '000001056', '3 Administração', 'M'),
		(106, 'Marcos Brocco', 'Avenida Marcos Brocco, 106', '000001067', '1 Contabilidade', 'M'),
		(107, 'Isadora Pinto', 'Rua Isadora Pinto, 107', '000001078', '2 Contabilidade', 'F'),
		(108, 'Alexandre Teles', 'Avenida Alexandre Teles, 108', '000001089', '3 Contabilidade', 'M'),
		(109, 'Josué Vasconcelos', 'Rua Josué Vasconcelos, 109', '00000109A', '1 Informática', 'M'),
		(110, 'Elias Fernandes', 'Avenida Elias Fernandes, 110', '00000110B', '2 Informática', 'M'),
		(111, 'Manuela Castro', 'Rua Manuela Castro, 111', '00000111C', '3 Informática', 'F'),
		(112, 'Roberto Andrade', 'Avenida Roberto Andrade, 112', '00000112D', '1 Logística', 'M'),
		(113, 'Gilmar Dutra', 'Rua Gilmar Dutra, 113', '00000113E', '2 Logística', 'M'),
		(114, 'Fernanda Sorocaba', 'Avenida Fernanda Sorocaba, 114', '00000114F', '3 Logística', 'F'),
		(115, 'Karoline da Silva', 'Rua Karoline da Silva, 115', '00000115G', '1 Administração', 'F'),
		(116, 'Gabriel Freitas', 'Avenida Gabriel Freitas, 116', '00000116H', '2 Administração', 'M'),
		(117, 'Erick Germani', 'Rua Erick Germani, 117', '00000117I', '3 Administração', 'M'),
		(118, 'Rayane Cunha', 'Avenida Rayane Cunha, 118', '00000118J', '1 Contabilidade', 'F'),
		(119, 'Bruno Albuquerque', 'Rua Bruno Albuquerque, 119', '00000119K', '2 Contabilidade', 'M'),
		(120, 'Matheus Lucca', 'Avenida Matheus Lucca, 120', '00000120L', '3 Contabilidade', 'M'),
		(121,'Felipe Joaquim ',' Avenida Felipe Joao, 23','78A456213','2 Admnistração','M'),
		(122,'Matheus Joaquim','Rua Domingos Olimpio,89','95D326478','3 Administração','M'),
		(123,'Caleb Monteiro',' Rua dos Monteiros,78','123Q89456','1 Admnistração','M'),
		(124,'Leandro Alexandre','Rua de Alexandria,69','5E4987321','2 Admnistração','M'),
		(125,'Karoline da Rocha','Rua Plancton,589','147F58369','3 Admnistração','F'),
		(126,'Kaue Mateus','Rua das Esponjas,48','9638521R7','1 Admnistração','M'),
		(127,'Joaquim Ribeiro','Rua Olimpiana,98','147Q58364','2 Admnistração','M'),
		(128,'Valdeci Ribeiro','Rua Arlindo Nogueira,69','258W47639','3 Admnistração','M'),
		(129,'Murilo Nascimento','Rua Norgueiro,47','36925E142','1 Admnistração','M'),
		(130,'Daniel Marcos','Rua dos Negreiros,36','1594872R3','2 Admnistração','M'),
		(131,'Santhiago Motta','Rua da Asia,12','3261T9487','3 Admnistração','M'),
		(132,'Gustavo Henrique','Rua da Alemanha,58','748Y96321','1 Admnistração','M'),
		(133,'Iago Guilherme','Alameda dos Machucados,96','96132U548','2 Admnistração','M'),
		(134,'Ian Cesar','Rua dos Bobos,14','16254I793','3 Admnistração','M'),
		(135,'Caue Mariano','Rua da Sociedade,98','16O345798','1 Admnistração','M'),
		(136,'Mariano Arruda','Rua Sambaiba,58','78P654231','2 Admnistração','M'),
		(137,'Francisco Amaro','Rua da Folha,58','1A3598746','3 Admnistração','M'),
		(138,'Roberto Marinho,47','Avenida Roberto Marinho','1S3597846','1 Admnistração','M'),
		(139,'Domingos Montagner,47','Avenida dos Rios','987D64321','2 Admnistração','M'),
		(140,'Andre Silva','Avenida da Vida,47','1236547F9','3 Informática','M'),
		(141,'Luis Roberto','Rua do Doutor,69','987456G21','1 Informática','M'),
		(142,'Jose da Silva','Rua João Ribeiro,58','45678H123','2 Informática','M'),
		(143,'João dos Santos','Rua Amador,47','123J56789','3 Informática','M'),
		(144,'Heitor Gregorio','Rua Bueno,69','987K54321','1 Informática','M'),
		(145,'Ikaro Calixto','Avenida da Veiga,58','98745L123','2 Informática','M'),
		(146,'Heitor dos Santos','Alameda Padres,47','321M89456','3 Informática','M'),
		(147,'Icaro Gregorio','Alameda Cinquenta,98','12365N987','1 Informática','M'),
		(148,'Matheus Hais','Alameda Olivetanos,98','1236549B7','2 Informática','M'),
		(149,'Pedro Hais','Rua Itinguçu,58','1236549V7','3 Informática','M'),
		(150,'Lucas Merlin','Rua Açai,24','7896C4321','1 Informática','M'),
		(151,'Augusto Kenzo','Rua das dores,78','132X56879','2 Informática','M'),
		(152,'Matheus Gonçalves','Avenida da Felicidade,98','748Z5369','3 Informática','M'),
		(153,'Thiago Silva','Avenida Brasil,89','8X2147369','1 Informática','M'),
		(154,'David Luiz','Avenida Tufão,78','36925V8174','2 Informática','M'),
		(155,'Ueverton Lima','Rua do Zico,897','36C258174','3 Informática','M'),
		(156,'Lucas Lima','Rua da Zica,89','98765B321','1 Informática','M'),
		(157,'Paolo Guerreiro','Rua Aguinaldo Novo,98','12N456789','2 Informática','M'),
		(158,'Antonio Carlos','Rua Simone Simaria,89','9874M6132','3 Informática','M'),
		(159,'Eduardo Drascena','Rua dos Cervos,69','13L654879','1 Informática','M'),
		(160,'Roberto Carlos','Rua da Canção,58','132654K79','2 Informática','M'),
		(161,'Vitor Luiz','Avenida Luiz,47','13265498J','3 Logística','M'),
		(162,'Marcos Rocha','Rua das Rochas,123','123564G87','1 Logística','M'),
		(163,'Moises do Prado','Rua do Prado,98','897H54132','2 Logística','M'),
		(164,'Fernando Prass','Avenida São Miguel,48','1472S8369','3 Logística','M'),
		(165,'Eduardo Pereira','Rua Miguel San,14','396W58147','1 Logística','M'),
		(166,'Felipe Melo','Rua Felipe Melo,987','3692584Q1','2 Informática','M'),
		(167,'Bruno Henrique','Avenida Bruno Henrique,456','3692R8147','3 Logística','M'),
		(168,'Keno Marques','Avenida Keno Marques,123','174285T96','1 Logística','M'),
		(169,'Bruno Aiub','Avenida Aiub,98','3962581Q7','2 Logística','M'),
		(170,'Jailson Martins','Rua Martins,47','3W9528147','3 Logística','M'),
		(171,'Leon Oliveira','Rua das Oliveiras,87','258Q47369','1 Logística','M'),
		(172,'Hyoran Lo','Rua dos Japoneses,69','1472583E9','2 Logística','M'),
		(173,'Deiverson dos Santos,56','Rua dos Santos','147258T69','3 Logística','M'),
		(174,'Arthur do Val','Avenida do Val,48','3692581Y7','1 Logística','M'),
		(175,'Danilo Martins','Alameda Martins,84','39625U147','2 Logística','M'),
		(176,'Alexandre Guerra','Rua da Guerra,47','147I58369','Logística','M'),
		(177,'Nilce Martins','Avenida da Vitória,89','147258O69','1 Logística','F'),
		(178,'Leon Martins','Rua dos Moraes,47','9638527P1','2 Logísticao','M'),
		(179,'Vitória Moretto','Rua dos Morettos,98','9638W2741','3 Logística','F'),
		(180,'Alexandre Borges','Avenida dos Borges,58','963Q58147','1 Logística','M'),
		(181,'Juliana Lemmertz','Avenida dos Atores,410','9632R8147','2 Contabilidade','F'),
		(182,'Mario Barbosa','Rua dos Estranhos,23','2581473Q9','3 Contabilidade','F'),
		(183,'Andressa Urach','Avenida da insatisfação,6','258147W69','1 Contabilidade','F'),
		(184,'Fernanda Lima','Rua da Apresentação,4','1472583R9','2 Contabilidade','F'),
		(185,'Beatriz Tavares','Rodovia Raposo Tavares,2','39625T147','3 Contabilidade','F'),
		(186,'Marcelo Tavares','Rodovia Fernão Dias,9','25836U147','1 Contabilidade','M'),
		(187,'Gustavo Tavares','Avenida Presidente Dutra,/','14725I369','2 Contabilidade','M'),
		(188,'Edson Celulari','Avenida Projac,4','14725836P','3 Contabilidade','M'),
		(189,'Claudia Raia','Alameda SBT,8','3692581W7','1 Contabilidade','F'),
		(190,'Milena Pavoro','Avenida dos Ratos,9','564789Y32','2 Contabilidade','F'),
		(191,'Jose Roberto','Rua dos Cachorros,8','9446879T4','3 Contabilidade','M'),
		(192,'Humberto Martins','Rua dos Atores,7','123U59478','1 Contabilidade','M'),
		(193,'Selton Mello','Avenida dos Vitoriosos,6','9513264I8','2 Contabilidade','M'),
		(194,'Danton Mello','Rua dos Globos,5','9871234T6','3 Contabilidade','M'),
		(195,'Dwayne Johnson','Rua Hollywodiana,1','32146S987','1 Contabilidade','M'),
		(196,'Johnattan Cena','Rua dos Lutadores,7','12365D789','2 Contabilidade','M'),
		(197,'Romero da Silva','Avenida dos Jogadores,8','9874G6321','3 Contabilidade','M'),
		(198,'Cassio Ramos','Avenida dos Jogadores,9','2615479H','1 Contabilidade','M'),
		(199,'Alisson Becker','Rua dos Goleiros,8','12349S567','2 Contabilidade','M'),
		(200,'Daniel Alves','Rua dos Goleiros,56','1592364J8','3 Contabilidade','M'),
		(201, 'Júlio Machado', 'Avenida Júlio Machado, 201', '79468138Y', '3 Logística', 'M'),
		(202, 'Kennedy Martins', 'Rua Kennedy Martins, 202', '73875872Z', '1 Contabilidade', 'M'),
		(203, 'Marina Martelo', 'Avenida Marina Martelo, 203', '11166649H', '2 Contabilidade', 'F'),
		(204, 'Nicolas Azevedo', 'Rua Nicolas Azevedo, 204', '86578654I', '3 Contabilidade', 'M'),
		(205, 'Vinicius Guedes', 'Avenida Vinicius Guedes, 205', '86459751J', '1 Informática', 'M'),
		(206, 'Luís Miguel', 'Rua Luís Miguel, 206', '78684586K', '2 Informática', 'M'),
		(207, 'João Roberto', 'Avenida João Roberto, 207', '79486153L', '3 Informática', 'M'),
		(208, 'Pedro Machado', 'Rua Pedro Machado, 208', '98654871M', '1 Administração', 'M'),
		(209, 'Júlio Martins', 'Avenida Júlio Martins, 209', '12365478N', '2 Administração', 'M'),
		(210, 'Kennedy Martelo', 'Rua Kennedy Martelo, 210', '95148762O', '3 Administração', 'M'),
		(211, 'Marina Azevedo', 'Avenida Marina Azevedo, 211', '34987612P', '1 Logística', 'F'),
		(212, 'Nicolas Guedes', 'Rua Nicolas Guedes, 212', '54879613Q', '2 Logística', 'M'),
		(213, 'Vinicius Miguel', 'Avenida Vinicius Miguel, 213', '79461328R', '3 Logística', 'M'),
		(214, 'Luís Roberto', 'Rua Luís Roberto, 214', '79846132S', '1 Contabilidade', 'M'),
		(215, 'João Micheleto', 'Avenida João Micheleto, 215', '84269713T', '2 Contabilidade', 'M'),
		(216, 'Pedro Martins', 'Rua Pedro Martins, 216', '78963214U', '3 Contabilidade', 'M'),
		(217, 'Júlio Martelo', 'Avenida Júlio Martelo, 217', '56321478V', '1 Informática', 'M'),
		(218, 'Kennedy Azevedo', 'Rua Kennedy Azevedo, 218', '15926378W', '2 Informática', 'M'),
		(219, 'Marina Guedes', 'Avenida Marina Guedes, 219', '36295184X', '3 Informática', 'F'),
		(220, 'Nicolas Miguel', 'Rua Nicolas Miguel, 220', '78945632Y', '1 Administração', 'M'),
		(221, 'Vinicius Roberto', 'Avenida Vinicius Roberto, 221', '78945612Z', '2 Administração', 'M'),
		(222, 'Luís Micheleto', 'Rua Luís Micheleto, 222', '78965412Z', '3 Administração', 'M'),
		(223, 'João Martins', 'Avenida João Martins, 223', '19264873X', '1 Logística', 'M'),
		(224, 'Pedro Martelo', 'Rua Pedro Martelo, 224', '24683791Y', '2 Logística', 'M'),
		(225, 'Júlio Azevedo', 'Avenida Júlio Azevedo, 225', '11666894A', '3 Logística', 'M'),
		(226, 'Kennedy Guedes', 'Rua Kennedy Guedes, 226', '19161151B', '1 Contabilidade', 'M'),
		(227, 'Marina Miguel', 'Avenida Marina Miguel, 227', '76854312D', '2 Contabilidade', 'F'),
		(228, 'Nicolas Roberto', 'Rua Nicolas Roberto, 228', '19194483C', '3 Contabilidade', 'M'),
		(229, 'Vinicius Micheleto', 'Avenida Vinicius Micheleto, 229', '37682E111', '1 Informática', 'M'),
		(230, 'Luís Martins', 'Rua Luís Martins, 230', '88844433G', '2 Informática', 'M'),
		(231, 'João Martelo', 'Avenida João Martelo, 231', '99545232F', '3 Informática', 'M'),
		(232, 'Pedro Azevedo', 'Rua Pedro Azevedo, 232', '96958474W', '1 Administração', 'M'),
		(233, 'Júlio Guedes', 'Avenida Júlio Guedes, 233', '14125236R', '2 Administração', 'M'),
		(234, 'Kennedy Miguel', 'Rua Kennedy Miguel, 234', '19126247T', '3 Administração', 'M'),
		(235, 'Marina Roberto', 'Avenida Marina Roberto, 235', '99448135S', '1 Logística', 'F'),
		(236, 'Nicolas Micheleto', 'Rua Nicolas Micheleto, 236', '08F632432', '2 Logística', 'M'),
		(237, 'Vinicius Martins', 'Avenida Vinicius Martins, 237', '01457U985', '3 Logística', 'M'),
		(238, 'Luís Martelo', 'Rua Luís Martelo, 238', '01236I478', '1 Contabilidade', 'M'),
		(239, 'Mestre Wilian', 'Avenida Mestre Wilian, 239', '90817243L', '2 Contabilidade', 'M'),
		(240, 'Leozin Honesto', 'Rua Leozin Honesto, 240', '19260345K', '3 Contabilidade', 'M');
		
	


	

	


	
	
	
	
	
	
	
	
	
	
	
	
	
	
	
	
	
	
	
	
	
	
	
	
	
	
	
	
	
	
	
	
	
	
	
	
	
	
	
	
	
	
	
	
	
	
	
	
	
	
	
	insert into disciplina (id_disciplina, nome_da_disciplina, matricula_do_professor, id_curso, descricao) values
		(111, 'LPOO I', 01, 1, 'Matéria de LPOO referente ao 1ºano do curso'),
		(121, 'TPI I', 02, 1, 'Matéria de TPI referente ao 1ºano do curso'),
		(131, 'TLBD I', 03, 1, 'Matéria de TLBD referente ao 1ºano do curso'),
		(211, 'LPOO II', 04, 1, 'Matéria de LPOO referente ao 2ºano do curso'),
		(221, 'TPI II', 05, 1, 'Matéria de TPI referente ao 2ºano do curso'),
		(231, 'TLBD II', 06, 1, 'Matéria de TLBD referente ao 2ºano do curso'),
		(311, 'LPOO III', 07, 1, 'Matéria de LPOO referente ao 3ºano do curso'),
		(321, 'TPI III', 08, 1, 'Matéria de TPI referente ao 3ºano do curso'),
		(331, 'TLBD III', 09, 1, 'Matéria de TLBD referente ao 3ºano do curso'),
		(112, 'ADM I', 10, 2, 'Matéria de ADM referente ao 1ºano do curso'),
		(122, 'NIS I', 11, 2, 'Matéria de NIS referente ao 1ºano do curso'),
		(132, 'TRA I', 12, 2, 'Matéria de TRA referente ao 1ºano do curso'),
		(212, 'ADM II', 13, 2, 'Matéria de ADM referente ao 2ºano do curso'),
		(222, 'NIS II', 14, 2, 'Matéria de NIS referente ao 2ºano do curso'),
		(232, 'TRA II', 15, 2, 'Matéria de TRA referente ao 2ºano do curso'),
		(312, 'ADM III', 16, 2, 'Matéria de ADM referente ao 3ºano do curso'),
		(322, 'NIS III', 17, 2, 'Matéria de NIS referente ao 3ºano do curso'),
		(332, 'TRA III', 18, 2, 'Matéria de TRA referente ao 3ºano do curso'),
		(113, 'LOG I', 19, 3, 'Matéria de LOG referente ao 1ºano do curso'),
		(123, 'IST I', 20, 3, 'Matéria de IST referente ao 1ºano do curso'),
		(133, 'ICA I', 21, 3, 'Matéria de ICA referente ao 1ºano do curso'),
		(213, 'LOG II', 22, 3, 'Matéria de LOG referente ao 2ºano do curso'),
		(223, 'IST II', 23, 3, 'Matéria de IST referente ao 2ºano do curso'),
		(233, 'ICA II', 24, 3, 'Matéria de ICA referente ao 2ºano do curso'),
		(313, 'LOG III', 25, 3, 'Matéria de LOG referente ao 3ºano do curso'),
		(323, 'IST III', 26, 3, 'Matéria de IST referente ao 3ºano do curso'),
		(333, 'ICA III', 27, 3, 'Matéria de ICA referente ao 3ºano do curso'),
		(114, 'CON I', 28, 4, 'Matéria de CON referente ao 1ºano do curso'),
		(124, 'TAB I', 29, 4, 'Matéria de TAB referente ao 1ºano do curso'),
		(134, 'DAD I', 30, 4, 'Matéria de DAD referente ao 1ºano do curso'),
		(214, 'CON II', 31, 4, 'Matéria de CON referente ao 2ºano do curso'),
		(224, 'TAB II', 32, 4, 'Matéria de TAB referente ao 2ºano do curso'),
		(234, 'DAD II', 33, 4, 'Matéria de DAD referente ao 2ºano do curso'),
		(314, 'CON III', 34, 4, 'Matéria de CON referente ao 3ºano do curso'),
		(324, 'TAB III', 35, 4, 'Matéria de TAB referente ao 3ºano do curso'),
		(334, 'DAD III', 36, 4, 'Matéria de DAD referente ao 3ºano do curso');
		
		
		
		
		
		
		
		
		
		
		
		
		
		
		
		
		
		
		
		
		
		
		
		
		
		
		
		
		
		
		
		
		
		
		
		
		
		
		
		
		
		
		
		
		
		
		
		
		
		
		
		
		
		
		
	 
		
		
		
		
		
		
		
		insert into professor (matricula_do_professor, nome_do_professor, rg, cpf, endereco, login, senha, sexo) values
			(37, 'Arnaldo Santos', '01000000A', '00000000001', 'Rua Arnaldo, 100', 'Arn.San', md5('ufg2387fg97824gf3'), 'M'),
			(02, 'Felipe Souza', '02000000B', '00000000002', 'Avenida Felipe Souza, 200', 'Fel.Sou', md5('43fyryf2h3iufh3fif'), 'M'),
			(03, 'Edna Cardoso', '03000000C', '00000000003', 'Rua Edna Cardoso, 300', 'Edn.Car', md5('432fg4f9g4fg383g74f'), 'F'),
			(04, 'Vilma Gonçalves', '04000000D', '00000000004', 'Avenida Vilma Gonçalves, 400', 'Vil.Gon', md5('3429vfyr3fh9n38fir'), 'F'),
			(05, 'Carlos Campanelli', '05000000E', '00000000005', 'Rua Carlos Campanelli, 500', 'Car.Cam', md5('b2vug83h84hf84hfr'), 'M'),
			(06, 'Rafael Wilians', '06000000F', '00000000006', 'Avenida Rafael Wilians, 600', 'Raf.Wil', md5('3rvhb387fgh94hf94hf'), 'M'),
			(07, 'Arnaldo Souza', '07000000G', '00000000007', 'Rua Arnaldo Souza, 700', 'Arn.Sou', md5('f3iv29f8yf78f43'), 'M'),
			(08, 'Felipe Cardoso', '08000000H', '00000000008', 'Avenida Felipe Cardoso, 800', 'Fel.Car', md5('4fb3yg98f74iyhf4f'), 'M'),
			(09, 'Edna Gonçalves', '09000000I', '00000000009', 'Rua Edna Gonçalves, 900', 'Edn.Gon', md5('4fbhib37gf83f4if'), 'F'),
			(10, 'Vilma Campanelli', '10000000J', '00000000010', 'Avenida Vilma Campanelli, 010', 'Vil.Cam', md5('43f39g78rgd83h9f4'), 'F'),
			(11, 'Carlos Wilians', '11000000K', '00000000011', 'Rua Carlos Wilians, 110', 'Car.Wil', md5('43fg9437fg47f634yfr'), 'M'),
			(12, 'Rafael Santos', '12000000L', '00000000012', 'Avenida Rafael Santos, 210', 'Raf.San', md5('fhiwyegff7g334fsff'), 'M'),
			(13, 'Arnaldo Cardoso', '13000000M', '00000000013', 'Rua Arnaldo Cardoso, 310', 'Arn.Car', md5('rt980uhrt98gje98g'), 'M'),
			(14, 'Felipe Gonçalves', '14000000N', '00000000014', 'Avenida Felipe Gonçalves, 410', 'Fel.Gon', md5('w8v7re98hwi78grehg'), 'M'),
			(15, 'Edna Campanelli', '15000000O', '00000000015', 'Rua Edna Campanelli, 510', 'Edn.Cam', md5('0h8fuhv8erhvuifhdver'), 'F'),
			(16, 'Vilma Wilians', '16000000P', '00000000016', 'Avenida Vilma Wilians, 610', 'Vilm.Wil', md5('vwuohihfinfkwebfi2rh497h4'), 'F'),
			(17, 'Carlos Santos', '17000000Q', '00000000017', 'Rua Carlos Santos, 710', 'Car.San', md5('432hf8rg98vhfefrwrgrghwrgfv'), 'M'),
			(18, 'Rafael Cardoso', '18000000R', '00000000018', 'Avenida Rafael Cardoso, 810', 'Raf.Car', md5('9gf34hf834nfuf4bn4fewver'), 'M'),
			(19, 'Arnaldo Gonçalves', '19000000S', '00000000019', 'Rua Arnaldo Gonçalves, 910', 'Arn.Gon', md5('4387fh8rhvuiwhevo8743ghvr'), 'M'),
			(20, 'Felipe Campanelli', '20000000T', '00000000020', 'Avenida Felipe Campanelli, 020', 'Fel.Cam', md5('398fg9r7d8ygvweuahfu4'), 'M'),
			(21, 'Edna Wilians', '21000000U', '00000000021', 'Rua Edna Wilians, 120', 'Edn.Wil', md5('39gf73g4fh83fn88hdn83u9gfy43f'), 'F'),
			(22, 'Vilma Santos', '22000000V', '00000000022', 'Avenida Vilma Santos, 220', 'Vil.San', md5('bivbevgregvwo8herfiuebvirv'), 'F'),
			(23, 'Carlos Cardoso', '23000000W', '00000000023', 'Rua Carlos Cardoso, 320', 'Car.Car', md5('3ubrv8yehrvheeviuhneirnvevrf'), 'M'),
			(24, 'Rafael Gonçalves', '24000000X', '00000000024', 'Avenida Rafael Gonçalves, 420', 'Raf.Gon', md5('3f4ubiu3by4g48fb48iyvbf'), 'M'),
			(25, 'Arnaldo Campanelli', '25000000Y', '00000000025', 'Rua Arnaldo Campanelli, 520', 'Arn.Cam', md5('siuvgeyubirvnrefrfrv'), 'M'),
			(26, 'Felipe Wilians', '26000000Z', '00000000026', 'Avenida Felipe Wilians, 620', 'Fel.Wil', md5('w8g39w76gb4fkj4f4rb45'), 'M'),
			(27, 'Edna Santos', '270000001', '00000000027', 'Rua Edna Santos, 720', 'Edn.San', md5('48g94gf4hfufbrjhvbrv'), 'F'),
			(28, 'Vilma Cardoso', '280000002', '00000000028', 'Avenida Vilma Cardoso, 820', 'Vil.Car', md5('2vg4i7vg43vbir3hvifvee'), 'F'),
			(29, 'Carlos Gonçalves', '290000003', '00000000029', 'Rua Carlos Gonçalves, 920', 'Car.Gon', md5('32v873rgv98rvhjefvfd'), 'M'),
			(30, 'Rafael Campanelli', '300000004', '00000000030', 'Avenida Rafael Campanelli, 030', 'Raf.Cam', md5('328v7t98rgvyuhdbvjer'), 'M'),
			(31, 'Arnaldo Wilians', '310000005', '00000000031', 'Rua Arnaldo Wilians, 130', 'Arn.Wil', md5('2834tv9gfdgvbevjhrgev'), 'M'),
			(32, 'Felipe Santos', '320000006', '00000000032', 'Avenida Felipe Santos, 230', 'Fel.San', md5('32v8g7938rgvyruvbrgfdv'), 'M'),
			(33, 'Edna Souza', '330000007', '00000000033', 'Rua Edna Souza, 330', 'Edn.Sou', md5('3v9r8g7yughvyuwff'), 'F'),
			(34, 'Rodrigo Fernandes', '340000008', '00000000034', 'Avenida Rodrigo Fernandes, 430', 'Rod.Fer', md5('83g983gf8hfjwdbvwheyuwef'), 'M'),
			(35, 'Mário Heinz', '350000009', '00000000035', 'Rua Mário Heinz, 530', 'Már.Hei', md5('3gf93ghruehn7834tgfruh'), 'M'),
			(36, 'Juliana Pereira', '36000000A', '00000000036', 'Avenida Juliana Pereira, 630', 'Jul.Per', md5('348gh983ghyur'), 'F');